Time,Thickness
0.312328767,10.84
0.542465753,10.49
0.78630137,10.06
0.95890411,9.96
